Unnamed: 0,Dosya Adı,Cümle Sayısı,Hece Sayısı,Cümle Başına Ortalama Kelime Sayısı,Cümle Başına Ortalama Hece Sayısı,Ateşman Okunabilirlik Puanı,Ofansif Cümle Sayısı,Ofansif Cümle Oranı,Ofansif Cümle Yüzdesi,Ofansif Kelime Sayısı,Ofansif Kelime Oranı,Kelime Sayısı,Ofansif Kelime Sayısının Ofansif Olmayan Kelime Sayısına oranı,FRES,CetinKayaUzun,Ortalama Cümle Ofansifliği,Önerilen Yaş Aralığı
0,(Halikarnas Balıkçısı Bütün Eserleri_ 1) Halikarnas Balıkçısı - Aganta Burina Burinata-Bilgi Yayınevi (1983).txt,4522,104663,9.635338345864662,23.1452896948253,77.17138432336607,426,0.0942061034940291,0.10400390625,618,0.0141837460696334,43571,0.0143878192442902,217.3771113361253,47.04305715768041,0.0982659206797637,18+
1,06182758_beneklerini_kaybeden_sarY.txt,104,1565,5.605769230769231,15.04807692307692,76.34853064388442,2,0.0192307692307692,0.0196078431372549,4,0.006861063464837,583,0.006908462867012,223.8550927727933,43.62052706491622,0.0213260595046449,0-8
2,06182820_bulutun_fidanlarY.txt,54,1320,9.074074074074074,24.44444444444444,66.91513605442177,1,0.0185185185185185,0.0188679245283018,3,0.0061224489795918,490,0.0061601642710472,220.4150188964475,40.00627815570672,0.0189210472399955,0-8
3,06182909_gecmiYe_mektup.txt,91,1716,7.252747252747253,18.85714285714286,75.44032967032966,1,0.0109890109890109,0.0111111111111111,9,0.0136363636363636,660,0.0138248847926267,221.4694615384616,44.21438241758241,0.0115713767750843,0-8
4,06183001_gizemli_benekler.txt,85,1694,7.494117647058824,19.92941176470588,72.42634195216549,0,0.0,0.0,19,0.0298273155416012,637,0.0307443365695792,221.7264925662573,42.43792605042016,0.0039047404527938,0-8
5,06183054_neYeli_dere.txt,57,1400,9.491228070175438,24.56140350877193,70.08801488471642,0,0.0,0.0,1,0.0018484288354898,541,0.0018518518518518,219.0941946363135,42.35784933683561,0.0116211032676673,0-8
6,06183134_oyuncak_moli_sallanYyor.txt,94,1787,6.872340425531915,19.01063829787234,69.75394226335551,0,0.0,0.0,0,0.0,646,0.0,223.2620822080232,40.26331812792306,0.0070720893873317,0-8
7,06183200_sallanan_karYnca_yuvasY.txt,76,1902,9.447368421052632,25.02631578947368,67.74278624835068,0,0.0,0.0,12,0.0167130919220055,718,0.0169971671388102,219.6566731417681,40.80939077847822,0.0027703351753236,0-8
8,1- Aslan ile Fare.txt,44,438,4.227272727272728,9.954545454545457,93.18617302052785,1,0.0227272727272727,0.0232558139534883,4,0.021505376344086,186,0.0219780219780219,222.4662536656892,53.52312463343108,0.0338465498987881,0-8
9,12-KİBRİTÇİ KIZ-OKUMA-ANLAMA.txt,66,1540,8.787878787878787,23.33333333333333,69.21708463949842,0,0.0,0.0,7,0.0120689655172413,580,0.0122164048865619,220.3780616509927,41.29000417972831,0.0023306698227922,0-8
10,1-KELOĞLAN VE SİHİRLİ TAS-OKUMA-ANLAMA.txt,61,1006,6.737704918032787,16.49180327868853,82.90370208607555,5,0.081967213114754,0.0892857142857142,2,0.0048661800486618,411,0.0048899755501222,220.7036747636712,48.67260579952934,0.0844792114259659,0-8
11,20111318_Inci-John-Steinbeck.txt,1659,47388,10.70162748643761,28.56419529837251,63.66085263214504,49,0.0295358649789029,0.0304347826086956,282,0.0158837445082798,17754,0.0161401098901098,218.5538146440168,39.06864907869881,0.0333442006858302,15-18
12,2-KURBAĞA PRENS-OKUMA-ANLAMA.txt,71,1359,7.746478873239437,19.14084507042254,79.33791741357234,2,0.028169014084507,0.0289855072463768,4,0.0072727272727272,550,0.0073260073260073,219.8762148527529,47.08965446862997,0.031034221006131,0-8
13,3-Yalancı Çoban.txt,41,511,4.951219512195122,12.46341463414634,84.77214465937763,2,0.048780487804878,0.0512820512820512,0,0.0,203,0.0,223.1053742640875,48.5998141295206,0.0635842159305267,0-8
14,4- Sihirli Tas.txt,42,882,8.119047619047619,21.0,73.72123586091328,2,0.0476190476190476,0.05,3,0.0087976539589442,341,0.0088757396449704,220.4760434995112,43.72376253316575,0.0663874625059266,0-8
15,4-KIRMIZI BENEKLİ KELEBEK-OKUMA-ANLAMA.txt,99,1306,5.111111111111111,13.19191919191919,81.79221343873516,3,0.0303030303030303,0.03125,5,0.0098814229249011,506,0.0099800399201596,223.4827162933685,46.78694510320596,0.0305599741087379,0-8
16,5-KÜLKEDİSİ-OKUMA-ANLAMA.txt,75,1468,7.653333333333333,19.57333333333333,76.10258745644599,4,0.0533333333333333,0.056338028169014,9,0.0156794425087108,574,0.015929203539823,220.7032429732869,44.93008720092915,0.0535286560522702,0-8
17,6- Pamuk Prenses ve Yedi Cüceler.txt,56,1075,7.785714285714286,19.19642857142857,79.44895314547836,4,0.0714285714285714,0.0769230769230769,8,0.018348623853211,436,0.0186915887850467,219.7914449541285,47.18961959370904,0.0662634218762312,0-8
18,6-KURT İLE YEDİ KEÇİ YAVRUSU-OKUMA-ANLAMA.txt,96,1806,7.416666666666667,18.8125,77.56293539325841,15,0.15625,0.1851851851851852,5,0.0070224719101123,712,0.007072135785007,220.766015917603,45.7049531835206,0.1594869899975795,0-8
19,7-RAPUNZEL-OKUMA ANLAMA-ÇALIŞMASI-7.txt,74,1617,8.891891891891891,21.85135135135135,76.88923663024727,2,0.027027027027027,0.0277777777777777,8,0.0121580547112462,658,0.0123076923076923,218.5997297297297,46.32730276020701,0.0304513947308264,0-8
20,9- Bambi.txt,64,900,5.8125,14.0625,86.4567943548387,1,0.015625,0.0158730158730158,3,0.0080645161290322,372,0.008130081300813,221.4030544354839,50.30728830645161,0.0211209767503532,0-8
21,9-PİNOKYO-OKUMA-ANLAMA.txt,144,3154,8.4375,21.90277777777778,72.51345421810699,11,0.0763888888888889,0.0827067669172932,16,0.0131687242798353,1215,0.0133444537114261,220.2321226851852,43.17092988683126,0.0775513741371267,0-8
22,Ahmed Günbay Yıldız - Leyi Işıkları.txt,6835,123123,7.08983174835406,18.01360643745428,78.24524816917378,313,0.0457937088514996,0.0479914136767862,488,0.010070368765348,48459,0.010172812741031,221.1337046979118,45.91187638726803,0.0488832528763379,18+
23,Ahmed Ziyauddin - Kıyamet Alametleri.txt,1808,28443,7.182522123893805,15.73174778761062,92.08404425494302,482,0.2665929203539823,0.363499245852187,288,0.0221777298629293,12986,0.0226807371239565,218.0745244274297,54.92991679006935,0.2634489709081989,18+
24,Ahmet Altan - Kılıç Yarası Gibi.txt,3616,201539,20.69496681415929,55.73534292035398,36.61248996182975,369,0.1020464601769911,0.1136433631044041,1938,0.025897665468443,74833,0.0265861856094382,208.6139409969126,28.74042790603788,0.104587044650173,18+
25,Ahmet Altan - Kırar Göğsüne Bastırırken.txt,1593,63328,14.41933458882611,39.75392341494037,50.42856893909767,181,0.1136220966729441,0.1281869688385269,861,0.037483674357858,22970,0.0389434167081279,215.5234885834603,33.17599520436739,0.1135755059720302,18+
26,Ahmet Demirhan - Modernlik.txt,886,41758,23.08465011286682,47.13092550790068,56.55051409281797,15,0.0169300225733634,0.0172215843857634,127,0.0062093580403852,20453,0.0062481550723211,200.6764939622627,43.35127777614678,0.0186977489424646,18+
27,Ahmet Efe - Nasıl Öldürüldüler.txt,1743,70179,15.51118760757315,40.26333907056799,54.05609384179289,328,0.1881812966150316,0.2318021201413427,990,0.0366178428761651,27036,0.0380096751900483,213.0512843918952,36.30559033948234,0.1891585204867049,18+
28,Ahmet Günbay Yıldız - Günahın Rengi.txt,5411,102199,7.090556274256145,18.88726667898725,73.3036397836905,236,0.0436148586213269,0.0456038647342995,413,0.0107644590403211,38367,0.0108815935079306,222.1731686563192,42.71594112727791,0.0474642106768673,18+
29,Ahmet Karcılılar - Yağmur Hüznü.txt,3582,93050,9.629815745393635,25.97710776102736,65.31628237144439,179,0.0499720826353992,0.0526006464883926,527,0.0152780193656867,34494,0.0155150587334766,219.8821842266356,39.37068193725629,0.0523963143746407,18+
30,Ahmet Muhtar Büyükçınar - Hayat Kitabı 2.txt,3034,87933,10.98978246539222,28.9825313117996,64.19114516687983,147,0.0484508899143045,0.0509179078628333,537,0.0161053294544582,33343,0.0163689568981283,217.9912960293097,39.6183498318085,0.0509291760364724,18+
31,Ahmet Şerif İzgören - Dikkat Vucudunuz konusuyor.txt,2205,71041,16.03673469387755,32.21814058956916,76.25669420882801,80,0.036281179138322,0.0376470588235294,269,0.0076072509261615,35361,0.0076655648010942,207.5540339599316,51.04289569807391,0.0386846620888848,18+
32,Ahmet Talat Paşa - Talat Paşa'nın Hatıraları.txt,1689,90066,19.05565423327413,53.32504440497335,36.6646515703094,442,0.2616933096506809,0.3544506816359262,1063,0.0330278079850862,32185,0.0341559025769552,211.1678424741216,27.59834588210383,0.2609817613803786,18+
33,Ahmet Ümit - Agatha'nın Anahtarı.txt,4276,81464,7.249766136576239,19.05144995322732,74.32839425450375,254,0.059401309635173,0.0631526603679761,813,0.0262258064516129,31000,0.0269321230993474,221.7082757584719,43.49299424267478,0.0634046716611909,18+
34,Ahmet Ümit - Beyoğlu Rapsodisi.txt,13510,259841,7.506291635825314,19.23323464100666,76.29390646090714,837,0.0619541080680977,0.0660459244062179,2146,0.0211616211418992,101410,0.0216191166989039,220.8930182397113,44.94837300285808,0.0655514283142267,18+
35,Ahmet Ümit - Bir Ses Böler Geceyi.txt,4534,87722,7.600132333480371,19.34759594177327,76.71547924178779,262,0.0577856197617997,0.0613295880149812,811,0.0235352157636611,34459,0.0241024726581074,220.6574198473377,45.28837397379211,0.0613992840115096,18+
36,Ahmet Ümit - Kar Kokusu.txt,7371,172661,8.812915479582147,23.42436575769909,69.03979806442361,322,0.043684710351377,0.0456802383316782,1672,0.0257389162561576,64960,0.0264189103779547,220.3762217611306,41.1932851930942,0.0477558124171033,18+
37,Ahmet Ümit - Ninatta'nın Bileziği.txt,1599,28990,7.333958724202627,18.13008130081301,80.36783519806684,68,0.0425265791119449,0.0444154147615937,334,0.0284812825104459,11727,0.0293162468182217,220.3047694237141,47.45996518513506,0.0476063065073005,18+
38,Aşkın Güngör - Sevgili Salak.txt,3653,32355,4.114152751163427,8.857103750342185,101.5968008230898,1007,0.275663837941418,0.3805744520030234,466,0.0310067203406746,15029,0.0319989013252763,220.8721431417464,58.88236055306306,0.2777741741013116,18+
39,Ayfer Tunç - Ömür Diyorlar Buna.txt,2368,56310,10.51984797297297,23.77956081081081,80.55473085179861,133,0.0561655405405405,0.0595078299776286,363,0.0145718758781261,24911,0.0147873553853674,215.2807375517823,49.86598643964744,0.0585840713964087,18+
40,Ayşe Kulin - Fureya.txt,9828,207399,8.177146927146927,21.10286935286935,73.80250186762365,490,0.0498575498575498,0.0524737631184407,1473,0.0183288745100479,80365,0.0186710946610556,220.3680278231548,43.81800168196406,0.0524936267389357,18+
41,Ayşe Kulin - Geniş Zamanlar.txt,3206,61399,7.492514036182158,19.15127885215221,76.58002398231658,222,0.0692451653150343,0.074396782841823,431,0.0179426335289954,24021,0.0182704535820262,220.8543245552609,45.12356450801795,0.0740641945458429,18+
42,Ayşe Kulin - Kardelenler.txt,2921,86790,11.11263266004793,29.71242725094146,62.40302968148932,76,0.0260184868195823,0.026713532513181,317,0.0097658656808379,32460,0.0098621783903182,218.1756223971863,38.54983239319327,0.0278655096711348,18+
43,Ayşe Kulin - Köprü.txt,6241,136294,8.423970517545266,21.83848742188752,72.6878786884696,534,0.0855632110238743,0.0935693008585947,892,0.0169665614181915,52574,0.0172593939863008,220.216560973499,43.27405126039997,0.0892166976115009,18+
44,Ayşe Kulin - Nefes Nefese.txt,10054,202119,7.78595583847225,20.10334195345136,74.7717847327167,986,0.0980704197334394,0.1087340097044552,1438,0.0183699540112417,78280,0.0187137242653757,220.7759791468939,44.16438960184497,0.1014817937369241,18+
45,Ayşe Kulin - Sevdalinka.txt,9238,203087,8.475968824420871,21.98387096774194,72.50200586015819,786,0.0850833513747564,0.0929957406530998,1576,0.0201274568651741,78301,0.0205408927989573,220.1743447408744,43.19111693709825,0.0889807136072718,18+
46,Aziz Nesin - Kazan Toreni.txt,4839,63975,5.507956189295309,13.22070675759455,88.01747713286753,675,0.1394916305021699,0.1621037463976945,428,0.0160582298427944,26653,0.0163203050524308,221.5509002867224,51.098369445083,0.1418055021150646,18+
47,Aziz Nesin - Memleketin Birinde.txt,3005,64819,8.424958402662229,21.57038269550749,73.97598871875336,534,0.1777038269550749,0.2161068393363011,579,0.0228700082948216,25317,0.0234052874120785,219.9437667591578,44.10796743707099,0.1805708438549121,18+
48,Aziz Nesin - Rifat Bey Neden Kasiniyor.txt,3764,74420,8.007438894792774,19.77151965993624,78.72772449786225,728,0.1934112646121148,0.2397891963109355,544,0.018049104180491,30140,0.0183808622786863,219.5964077168749,46.88213184310977,0.1968396531083968,18+
49,Aziz Nesin - Simdi Avrupa.txt,2826,57194,7.866595895258316,20.23849964614296,74.93440867990901,340,0.1203113941967445,0.1367658889782783,277,0.0124600782690837,22231,0.0126172906987337,220.6155637286807,44.32742243531956,0.1240934225029799,18+
50,Aziz Nesin - Simdiki Cocuklar Harika.txt,4601,83022,6.961747446207347,18.04433818735058,76.52418917008178,492,0.1069332753749185,0.1197371623266001,448,0.0139864506259561,32031,0.0141848462780609,221.696525133895,44.70674742566786,0.1107516156459572,18+
51,Aziz Nesin - Sizin Memlekette Esek Yokmu.txt,5162,92286,7.203603254552499,17.87795428128632,80.31699203647719,710,0.1375435877566835,0.1594788858939802,623,0.0167540675003361,37185,0.0170395492587932,220.5194314420911,47.33357804499289,0.1410286585355031,18+
52,Aziz Nesin - Tatli Betus.txt,10838,209546,7.962631481823214,19.33437903672264,80.49203240602859,1792,0.1653441594390109,0.1980986071191687,1780,0.0206259632208948,86299,0.0210603532933423,219.2949881659856,47.99122686987548,0.1687529433360341,18+
53,Aziz Nesin - Zubuklugun Sonu Yok.txt,3413,57693,6.912686785818928,16.90389686492821,82.5411939782255,484,0.1418107237034867,0.1652441106179584,458,0.0194125376170898,23593,0.0197968446077371,220.5062327966815,48.56362769562882,0.1458055003303968,18+
54,balonla-bes-hafta.txt,150,6181,16.34666666666667,41.20666666666666,54.88708621533442,7,0.0466666666666666,0.0489510489510489,35,0.014274061990212,2452,0.0144807612743069,211.5690958129418,37.44237402392605,0.045912292553888,12-15
55,booksfer.com-tatli-dusmani-kristen-callihanpdf-indir-23078.txt,13468,237123,7.922260172260172,17.60640035640036,88.86313638344967,1349,0.1001633501633502,0.1113128145886624,1590,0.0149020122402691,106697,0.0151274415595536,217.5953771942638,53.37707711383399,0.101933927090919,15-18
56,Cengiz-Aytmatov-Cemile.txt,3073,60637,7.439310120403515,19.73218353400586,72.84738072659806,208,0.0676863000325414,0.0726003490401396,422,0.0184593849787848,22861,0.0188065421810241,221.7235831900406,42.67096134590216,0.0734081833659793,12-15
57,Daniel Defoe - Robinson Crusoe-Türkiye İş Bankası Kültür Yayınları (2016).txt,2811,211433,28.60441124155105,75.21629313411597,18.52592839969876,66,0.023479188900747,0.0240437158469945,1506,0.0187297125872125,80407,0.0190872105549993,200.0473865071463,22.71439734409799,0.0250975348040287,8-12
58,Fyodor Mihayloviç Dostoyevski - Suç ve Ceza-Türkiye İş Bankası Kültür Yayınları (2012).txt,24403,427184,6.906118100233578,17.50538868171946,78.96583487949638,7770,0.3184034749825841,0.4671436301328684,3834,0.0227496588144544,168530,0.023279253898091,221.2694047666063,46.24621285816871,0.3181869787674761,15-18
59,Fyodor Mihayloviç Dostoyevski - Yeraltından Notlar-Türkiye İş Bankası Kültür Yayınları (2020).txt,3201,77267,9.328647297719463,24.13839425179631,70.52218132486205,720,0.2249297094657919,0.2902055622732769,672,0.0225042697833294,29861,0.0230223714412963,219.2571440001487,42.52207415741462,0.2272943671472994,15-18
60,Gormander - Çocuklar Yönetimde.txt,1720,34969,7.643023255813953,20.33081395348837,72.00925342220995,81,0.0470930232558139,0.0494203782794386,229,0.0174197474516963,13146,0.0177285747464581,221.5813432620764,42.27493926722779,0.0501057231130395,8-12
61,Grigory Petrov - İdeal Öğretmen.txt,841,25284,11.48275862068965,30.06420927467301,63.66863777570673,62,0.0737217598097502,0.079589216944801,126,0.0130475302889096,9657,0.0132200188857412,217.3300093196645,39.63396334265299,0.0753839193575037,8-12
62,İvan Sergeyeviç Turgenyev - Babalar ve Oğullar-Türkiye İş Bankası Kültür Yayınları (2013).txt,7995,137181,6.664790494058787,17.15834896810507,78.00028857179021,2199,0.275046904315197,0.3793995859213251,1053,0.0197616590034719,53285,0.0201600551386123,221.8503119658805,45.4485580183331,0.2762914418581998,12-15
63,İvo Andriç - Drina Köprüsü-İletişim Yayınları (2016).txt,11122,249465,8.600521488940839,22.42986872864593,71.60259971047724,2672,0.2402445603308757,0.3162130177514793,1872,0.0195703308765877,95655,0.0199609737372444,220.1688641339187,42.69867785879545,0.2409606211390451,12-15
64,J. K. Rowling - Ozan Beedle'in Hikayeleri.txt,511,21637,16.3013698630137,42.34246575342465,51.92470617013928,48,0.0939334637964774,0.1036717062634989,126,0.015126050420168,8330,0.015358361774744,212.2637818579487,35.49368330839184,0.0943099591522678,8-12
65,Jack London - Beyaz Diş-Türkiye İş Bankası Kültür Yayınları (2016).txt,5031,146273,11.30331941959849,29.07433909759491,65.98541141991765,303,0.060226595110316,0.0640862944162436,1137,0.019994021137039,56867,0.020401937914947,217.1228985454513,41.00385134899479,0.0635693441752652,8-12
66,Jeff Kinney - Saftirik Greg'in Günlüğü 1.txt,1327,32325,9.590806330067824,24.3594574227581,71.75348302468467,58,0.0437076111529766,0.0457052797478329,294,0.0231004950106073,12727,0.02364674656157,218.5876813039039,43.50657322306492,0.0457074516696733,8-12
67,John Buchan - Otuz Dokuz Basamak.txt,2689,81082,11.77017478616586,30.15321680922276,65.1832213752477,102,0.0379323168464113,0.0394279087746424,595,0.0187993680884676,31650,0.0191595556271131,216.5613759095772,40.81981797615585,0.0386361754611072,12-15
68,John Steinbeck - Fareler ve İnsanlar  .txt,3674,54523,5.980402830702232,14.84022863364181,83.52283325595965,317,0.0862819814915623,0.0944295501936252,376,0.0171126888767522,21972,0.0174106315984441,221.7581816784484,48.52990100685874,0.0901342822405409,8-12
69,Jonathan Swift - Gulliver'in Gezileri.txt,3619,195995,20.42332135949157,54.15722575297043,38.98669791207983,144,0.0397899972368057,0.0414388489208633,1267,0.0171420067106829,73912,0.017440980108748,208.5390026484525,30.08133063641382,0.0426129007295562,8-12
70,Jules-Verne-Iki-Yil-Okul-Tatili.txt,3139,79789,9.890092386110226,25.41860465116279,69.75777367334749,147,0.0468302007008601,0.0491310160427807,505,0.0162667096150748,31045,0.016535690897184,218.5396691287262,42.43032609112207,0.0505849692008706,12-15
71,L. N. Tolstoy - Savaş ve Barış I. 1-Yordam Kitap (2016).txt,10312,350296,13.06400310318076,33.96974398758728,60.26269313410776,1270,0.1231574864235842,0.1404556514045565,2886,0.0214228450963508,134716,0.0218918303876204,215.5731971281895,38.56501715439365,0.1239684179811255,12-15
72,L. N. Tolstoy - Savaş ve Barış II. 2-Yordam Kitap (2016).txt,10202,354923,13.46157616153695,34.78955106841796,59.86364679653686,1129,0.110664575573417,0.124435137220324,2105,0.0153274838897586,137335,0.0155660726170228,215.0351808309838,38.59206147855622,0.1117159817674463,12-15
73,L. N. Tolstoy - Savaş ve Barış III. 3-Yordam Kitap (2016).txt,9812,386016,14.92244190786792,39.34121483897269,53.96089393003522,1328,0.135344476151651,0.1565299387081565,3340,0.0228112471742055,146419,0.0233437471606594,213.9924891439381,35.82172371701365,0.1365894518854242,12-15
74,Lev Tolstoy - Anna Karenina 1   (2005).txt,10791,222368,7.879436567509962,20.60680196460013,73.19146398912112,626,0.0580113057177277,0.061583866207575,1598,0.0187940301316052,85027,0.0191540111951479,220.9625001373557,43.20921745694984,0.0598885599579687,12-15
75,Lev Tolstoy - Anna Karenina 2  .txt,11966,242165,7.68719705833194,20.23775697810463,72.99440067530759,611,0.0510613404646498,0.0538088947600176,1723,0.018731314888297,91985,0.0190888746094702,221.304777423147,42.94386124270528,0.0548449112233145,12-15
76,Mario-Mazzanti-Sah-Mat.txt,8544,237368,10.90227059925094,27.78183520599251,67.99367248634421,278,0.0325374531835206,0.0336317444955238,2050,0.0220077510225552,93149,0.022502991251276,217.3274866814419,42.01522656676736,0.0350921077504349,15-18
77,Milliyet Çocuk Kitapları 004 - Evvel Evvel İken Deve Tellal İken... - M. Başaran_djvu.txt,3378,58516,7.697158081705151,17.32267613972765,88.32042182965637,409,0.1210775606867969,0.1377568204782755,330,0.0126918195454021,26001,0.0128549725371041,218.061858413459,52.8645669062257,0.1237273054629284,8-12
78,Milliyet Çocuk Kitapları 008 009 - Çocuklara 1001 Soru Cevap - M. İlin_djvu.txt,5835,177854,13.05844044558697,30.48054841473865,70.9674107225973,382,0.0654670094258783,0.0700531817348248,842,0.0110504488424589,76196,0.0111739257371871,213.327714812919,45.48532086626098,0.0678566348934989,8-12
79,Milliyet Çocuk Kitapları 017 - Kız Robenson - Scott O'Dell_djvu.txt,2617,69019,10.6977455101261,26.37332823844096,71.85979488438028,123,0.0470003821169277,0.049318364073777,322,0.0115016430918702,27996,0.0116354701163547,216.8333656754175,44.36930990549553,0.0497421239281908,8-12
80,Milliyet Çocuk Kitapları 020 - Kim - Rudyard Kipling_djvu.txt,3347,77202,10.07887660591575,23.0660292799522,80.57657114079147,287,0.0857484314311323,0.0937908496732026,582,0.0172526234659394,33734,0.0175555019305019,215.9660868626513,49.56382013562973,0.0908212986094267,8-12
81,Milliyet Çocuk Kitapları 026 - Ötleğen Kuşu - Halil Kocagöz_djvu.txt,3118,70029,9.374599101988457,22.45958948043618,78.10635296372118,244,0.0782552918537524,0.0848990953375087,273,0.0093397194663017,29230,0.0094277722139724,217.5881821851731,47.46081771021758,0.0815657560061207,8-12
82,Milliyet Çocuk Kitapları 029 - Karınca Dostlar_djvu.txt,3850,69728,7.619220779220779,18.11116883116883,83.44137689025366,227,0.0589610389610389,0.0626552580734198,250,0.0085225335787823,29334,0.0085957915004813,219.2112229606352,49.6526790792299,0.062315744371743,8-12
83,Milliyet Çocuk Kitapları 030 - Ülkü Öğretmen - - Mümtaz Zeki Taşkın_djvu.txt,4690,83327,7.704477611940298,17.76695095948827,86.07054421271073,454,0.0968017057569296,0.107176581680831,423,0.0117064260806996,36134,0.0118450897482568,218.5241825444097,51.41449474724677,0.1006115018166969,8-12
84,Milliyet Çocuk Kitapları 032 - Çocuklara Kâğıt Katlama Oyunları - Bora Sevinç_djvu.txt,466,12552,12.71673819742489,26.93562231759657,80.53870074987796,91,0.1952789699570815,0.2426666666666667,47,0.0079311508606142,5926,0.0079945568974315,211.8468357380511,51.43137120625047,0.1992510819677493,8-12
85,Milliyet Çocuk Kitapları 035 - Kediler Kralı - Barbara Sleigh_djvu.txt,4684,80309,7.450256191289496,17.14538855678907,86.92448919097941,300,0.0640478223740392,0.0684306569343065,485,0.013898042811703,34897,0.0140939207253283,218.7421173979986,51.78452055510462,0.0663773260992279,8-12
86,Milliyet Çocuk Kitapları 039 - Cambazhane Köpeği - Jack London_djvu.txt,3423,61501,7.693835816535203,17.96698802220275,84.92563943773742,367,0.1072158924919661,0.1200916230366492,280,0.0106318347509113,26336,0.0107460853546208,218.7819253886226,50.66628576388187,0.111284785766812,8-12
87,Milliyet Çocuk Kitapları 041 - Pembe Yunus - Ömür Candaş [Alt]_djvu.txt,5285,96517,7.770860927152317,18.26244087038789,84.12705855611432,233,0.0440870387890255,0.0461203483768804,572,0.0139277800774306,41069,0.0141245030496086,218.8295752336683,50.20497513253014,0.0480469234977419,8-12
88,Milliyet Çocuk Kitapları 041 - Pembe Yunus - Ömür Candaş_djvu.txt,5322,97680,7.856257046223225,18.35400225479143,84.46223698623189,255,0.0479143179255918,0.0503256364712847,577,0.0138001961206381,41811,0.0139933064946403,218.6253821288648,50.48303533945111,0.0516702190598856,8-12
89,Milliyet Çocuk Kitapları 047 - Afrika Kraliçesi - C. S. Forester_djvu.txt,2710,62253,9.668634686346865,22.97158671586716,78.13858971090627,187,0.0690036900369003,0.0741181133571145,493,0.0188153576062896,26202,0.0191761639892644,217.1213426630625,47.69257149697877,0.0708146096798943,8-12
90,Milliyet Çocuk Kitapları 052 - Fıkralarda Çocuklar - Hakkı Özkan_djvu.txt,2441,50980,9.04752150757886,20.8848832445719,82.4728434407229,281,0.1151167554281032,0.1300925925925926,209,0.0094634367217568,22085,0.0095538489669043,217.1804412414625,50.0506589706802,0.1178897168458314,8-12
91,Milliyet Çocuk Kitapları 055 - Sazlı Gölün Ördekleri - Mehmet Emin Töreci [Alt]_djvu.txt,4396,67790,6.624203821656051,15.42083712465878,88.01030433042277,400,0.0909918107370336,0.1001001001001001,353,0.0121222527472527,29120,0.0122710049709736,219.805918011129,51.8943757677434,0.0966885243933368,8-12
92,Milliyet Çocuk Kitapları 055 - Sazlı Gölün Ördekleri - Mehmet Emin Töreci_djvu.txt,4387,67887,6.645999544107591,15.47458399817643,87.93523749252702,396,0.0902666970594939,0.0992232523177148,352,0.012072986692276,29156,0.0122205249270934,219.7876236744196,51.8614524766954,0.0960521924134079,8-12
93,Milliyet Çocuk Kitapları 057 - İhtiyar Sarı -  Fred Gibson_djvu.txt,2429,50141,8.985590778097983,20.64265129682997,83.07834091072937,218,0.0897488678468505,0.0985979194934418,363,0.0166315403647026,21826,0.0169128267250617,217.1498338271966,50.39790123259385,0.0961443032331436,8-12
94,Milliyet Çocuk Kitapları 064 - Olaylar Gemisi - Mükerrem Kamil Su_djvu.txt,4311,76936,7.645789839944328,17.84643934122013,85.09491250366806,240,0.0556715379262352,0.0589535740604274,321,0.009738782197142,32961,0.0098345588235294,218.821453320648,50.74131748351424,0.0589055839085875,8-12
95,Milliyet Çocuk Kitapları 075 - Deve Tellal Pire Berber İken - Tarık Dursun K [Alt]_djvu.txt,4344,81799,8.70902394106814,18.83034069981584,89.22949654637718,480,0.1104972375690608,0.124223602484472,448,0.0118418270247409,37832,0.0119837363578001,216.2872507230766,54.17837395009321,0.1162319023459436,8-12
96,Milliyet Çocuk Kitapları 075 - Deve Tellal Pire Berber İken - Tarık Dursun K_djvu.txt,2956,75333,11.92354533152909,25.48477672530447,81.83655386282857,328,0.1109607577807848,0.1248097412480974,410,0.0116325256766725,35246,0.0117694339189344,212.8145733434602,51.70195112434951,0.1149065203264919,8-12
97,Milliyet Çocuk Kitapları 078 - Kurtuluş Güneşi - Selma Mine_djvu.txt,6088,89928,6.138633377,14.77135348,86.13032626,594,0.097568988,0.108117947,451,0.012067858,37372,0.01221527,220.96153,50.33003828,0.10231505,8-12
98,Milliyet Çocuk Kitapları 095 - Okyanus Çocukları - Hakkı Özkan_djvu.txt,4010,84613,8.634413965,21.10049875,78.11082711,224,0.055860349,0.059165346,424,0.012245841,34624,0.012397661,218.7453414,46.93280246,0.059801645,8-12
99,Milliyet Çocuk Kitapları 105 - Gökkuşağı - Şahap Sıtkı [Alt]_djvu.txt,4932,73967,6.455596107,14.99736415,88.64305629,291,0.059002433,0.062702004,299,0.009390998,31839,0.009480025,219.9364793,52.18273173,0.063480502,8-12
100,Milliyet Çocuk Kitapları 105 - Gökkuşağı - Şahap Sıtkı.txt,4713,72690,6.141947804,15.42329726,81.90942451,193,0.040950562,0.042699115,287,0.009914672,28947,0.010013957,221.8451763,47.60214619,0.044564747,8-12
101,Oğuz Atay - Bir Bilim Adamının Romanı-İletişim (1992).txt,5551,157914,11.1017834624392,28.44784723473248,66.90261894358086,200,0.0360295442262655,0.0373761913660997,445,0.0072209781585694,61626,0.0072734999427926,217.2450794263603,41.45258769132759,0.0393797736746646,15-18
102,Orhan-Pamuk-Cevdet-Bey-ve-Ogullari.txt,25153,412527,6.452431121536199,16.40070766906532,79.8678488109179,2191,0.0871069057368902,0.0954185175507359,3416,0.0210477023746441,162298,0.0215002328772296,221.7893032190444,46.50426204978279,0.0879153756563138,15-18
103,Reşat Nuri Güntekin - Çalıkuşu.txt,9868,234323,9.324179164977703,23.74574381840292,72.17583714688163,660,0.0668828536684231,0.0716768027801911,838,0.009107606699199,92011,0.0091913176049927,218.9159101641544,43.58852840721816,0.0699253908450969,15-18
104,Sabahattin Ali - Kuyucaklı Yusuf-Türkiye İş Bankası Kültür Yayınları (2020).txt,5735,142869,9.828421970357454,24.91176983435048,71.34260052941757,865,0.1508282476024412,0.1776180698151951,503,0.0089238193237057,56366,0.009004170918139,218.3024284981569,43.41122943564358,0.1531967257777977,15-18
105,Sevim Ak - Vanilya.txt,2316,37644,6.377374784110535,16.2538860103627,79.78684260561775,98,0.042314335060449,0.0441839495040577,145,0.0098171970209884,14770,0.0099145299145299,221.9237953321102,46.39802825863002,0.0452413409166717,8-12
106,Stendhal - Kırmızı ve Siyah.txt,11916,345928,11.74185968445787,29.03054716347768,68.8501676478481,1375,0.1153910708291373,0.1304430319704013,2481,0.0177320678121158,139916,0.0180521701167824,215.8334971682669,43.17145458373666,0.1201274273499572,15-18
107,Suzanne Collins - Açlık Oyunları.txt,10112,209393,7.946696994,20.70737737,73.39674109,460,0.045490506,0.047658516,1555,0.019351146,80357,0.019733002,220.8140368,43.39024352,0.048477323,18+
108,Victor Hugo - Sefiller I. 1-Türkiye İş Bankası Kültür Yayınları (2016).txt,17888,520511,11.05512075134168,29.09833407871199,64.2259695073235,2030,0.1134838998211091,0.1280110984991802,3290,0.0166368316190822,197754,0.0169182985025506,217.88173379908,39.68774068823862,0.1147215088984139,12-15
109,Virginia Woolf - Kendine Ait Bir Oda-İletişim Yayınları (2015).txt,1755,76775,16.51225071225071,43.74643874643875,49.29110148905352,103,0.0586894586894586,0.0623486682808716,495,0.0170813347596535,28979,0.0173781772223002,212.4884165743757,33.94140672549106,0.0612720454131263,12-15
110,W. Shakespeare - Romeo ve Juliet-Remzi Kitapevi (2006) (1).txt,3069,55607,7.638644509612251,18.11893124796351,83.59268822875177,481,0.1567285760834148,0.1858578052550232,571,0.0243569509021882,23443,0.0249650227352221,219.1489694413077,49.7644860433855,0.1592138846596486,15-18
111,William-Shakespeare-Macbeth.txt,2508,58305,9.378389154704944,23.24760765550239,74.75965824950481,245,0.0976874003189792,0.1082633672116659,733,0.031163641001658,23521,0.0321660523082324,218.2869949118902,45.29874326517204,0.1011842005907536,15-18
112,Yakup Kadri Karaosmanoğlu - Kiralık Konak-İletişim Yayınları (1996).txt,4383,121554,11.54072553045859,27.73305954825462,72.16075814179155,902,0.2057951174994296,0.2591209422579718,450,0.0088962694976573,50583,0.0089761235114595,215.4510538659274,45.16862705965485,0.2060584821157156,15-18
